INSERT INTO "GENUSER" (ID, VERSION, FIRST_NAME, LAST_NAME, EMAIL, ROLE, ADDRESS, ZIP_CODE, PHONE_NUMBER, PREFERENCES) VALUES
(1,1,'Travis','Neville','pharetra.ut@icloud.net','General User','Ap #429-5407 Feugiat Rd.','20736','(523) 264-1245','Gaming, Sports,'),
(2,1,'Ralph','Margaret','per.conubia@hotmail.ca','General User','P.O. Box 107, 3431 Vulputate Rd.','54672','(362) 664-6724','Comedy, Theatre, Gaming,'),
(3,1,'Stephanie','Colleen','blandit.congue@yahoo.com','General User','Ap #570-2465 Parturient Road','83293','(487) 678-2474','Theatre, Gaming, Sports, Recreational'),
(4,1,'Kelly','Melinda','nisi.aenean@protonmail.edu','General User','P.O. Box 868, 8561 Mauris St.','72452','1-531-361-5894','Theatre, Gaming,'),
(5,1,'Ocean','Yoshi','sed@hotmail.org','General User','227-6382 Magna. St.','66253','1-373-557-3048','Music, Comedy, Theatre, Gaming, Sports,'),
(6,1,'Florence','Fitzgerald','cursus.in@protonmail.ca','General User','Ap #676-2386 Duis Road','43236','(415) 834-3611','Music, Comedy, Theatre, Gaming, Sports, Recreational'),
(7,1,'Ignacia','Deacon','mi.eleifend@protonmail.org','General User','1431 In St.','47793','1-346-265-2470','Comedy, Theatre, Gaming, Sports, Recreational'),
(8,1,'Ann','Rinah','sagittis.felis.donec@yahoo.ca','General User','Ap #423-3373 Lacinia St.','45269','(119) 752-3659','Music, Comedy, Theatre, Gaming,'),
(9,1,'Madeson','Aileen','mauris.blandit@google.com','General User','9232 Aenean Ave','36263','1-725-229-3537','Music, Comedy, Theatre, Gaming, Sports,'),
(10,1,'Maryam','Erich','eleifend.nunc@outlook.couk','General User','P.O. Box 492, 596 Erat, Av.','54464','1-758-642-9652','Gaming, Sports,'),
(11,1,'Adara','Russell','et@google.ca','General User','P.O. Box 246, 1548 Elit Rd.','18218','1-623-912-0063','Theatre, Gaming, Sports,'),
(12,1,'Callie','Xavier','donec.tincidunt@aol.ca','General User','895-4710 Suspendisse Ave','83338','(172) 764-4284','Comedy, Theatre, Gaming, Sports, Recreational'),
(13,1,'Zoe','Moses','risus.at.fringilla@aol.ca','General User','8085 Eu, Rd.','90836','(701) 367-6414','Gaming,'),
(14,1,'Hall','Xenos','facilisis.magna.tellus@icloud.org','General User','889-2658 Scelerisque Road','35530','(576) 371-5617','Comedy, Theatre, Gaming, Sports,'),
(15,1,'Kalia','Dale','fusce.aliquam.enim@google.edu','General User','P.O. Box 998, 3886 Porttitor Road','98008','(546) 367-4763','Comedy, Theatre, Gaming,');

INSERT INTO "COORDINATOR" (ID, VERSION, FIRST_NAME, LAST_NAME, GENRE, EMAIL, ROLE, ADDRESS, ZIP_CODE, PHONE_NUMBER) VALUES
(1,1,'Veda','Isaiah','Comedy, Theatre, Gaming, Sports,','suscipit.nonummy.fusce@yahoo.ca','Coordinator','564-5566 At St.','21367','(441) 966-5417'),
(2,1,'Judah','Glenna','Theatre, Gaming, Sports, Recreational','nibh.donec@hotmail.ca','Coordinator','Ap #108-7966 Sociosqu Road','51896','1-776-178-1368'),
(3,1,'Shay','Risa','Comedy, Theatre, Gaming, Sports,','semper.rutrum@outlook.net','Coordinator','8868 Donec Avenue','45681','(852) 871-3607'),
(4,1,'Nathaniel','Yvonne','Music, Comedy, Theatre, Gaming, Sports,','pulvinar.arcu@outlook.org','Coordinator','Ap #982-7509 Fringilla, Street','88501','1-220-732-7208'),
(5,1,'Shea','Sydney','Gaming, Sports, Recreational','neque.in@google.com','Coordinator','296-9766 Vestibulum, Street','20526','(567) 293-5356'),
(6,1,'Scott','Dustin','Comedy, Theatre, Gaming, Sports, Recreational','vitae.posuere@icloud.net','Coordinator','P.O. Box 874, 6861 Ante Rd.','32236','1-673-393-4658'),
(7,1,'Alma','Ross','Music, Comedy, Theatre, Gaming,','et.euismod@aol.org','Coordinator','Ap #168-8341 Netus Ave','91509','1-552-420-4983'),
(8,1,'Magee','Carol','Theatre, Gaming, Sports,','at.libero.morbi@google.ca','Coordinator','Ap #300-5642 Elit. Avenue','57585','(133) 726-9148'),
(9,1,'Hu','Joel','Theatre, Gaming,','mauris.vestibulum@yahoo.org','Coordinator','Ap #120-7420 Ligula. Ave','50619','1-363-769-8881'),
(10,1,'Ferdinand','Athena','Gaming, Sports,','neque.sed@google.ca','Coordinator','P.O. Box 821, 284 At, Ave','68341','(410) 841-4728'),
(11,1,'Evangeline','Allen','Comedy, Theatre, Gaming, Sports, Recreational','enim.etiam@icloud.couk','Coordinator','811-1492 Sed Av.','57294','(775) 136-5166'),
(12,1,'Illana','Genevieve','Music, Comedy, Theatre, Gaming,','cursus.diam.at@protonmail.org','Coordinator','770-7989 Fermentum Avenue','66457','(668) 780-4595'),
(13,1,'Malachi','Jaquelyn','Recreational','massa.rutrum@google.ca','Coordinator','9312 Sem, St.','26547','(365) 253-8541'),
(14,1,'Pascale','Rebekah','Music,','justo.sit.amet@outlook.ca','Coordinator','Ap #166-2322 Ligula. Rd.','76422','(223) 727-4669'),
(15,1,'Laith','Cassady','Theatre, Gaming, Sports, Recreational','vivamus.non.lorem@hotmail.couk','Coordinator','630-3292 Velit Road','56431','1-857-365-4656');

INSERT INTO "HOSTS" (ID, VERSION, FIRST_NAME, LAST_NAME, EMAIL, ROLE, ADDRESS, ZIP_CODE, PHONE_NUMBER) VALUES
(1,1,'Carolyn','Madeline','pede@aol.org','Coordinator','P.O. Box 588, 8043 Non, Av.','44454','1-758-284-8025'),
(2,1,'William','Wanda','lacus@hotmail.edu','Coordinator','P.O. Box 940, 3814 Scelerisque Ave','72637','(280) 557-2589'),
(3,1,'Craig','Tanya','sem.vitae.aliquam@outlook.org','Coordinator','6507 Odio Ave','99988','1-945-756-5275'),
(4,1,'Vivien','Kirsten','nam.ac.nulla@aol.ca','Coordinator','P.O. Box 924, 3174 Non, St.','64242','(450) 320-9379'),
(5,1,'Todd','Alvin','non@hotmail.ca','Coordinator','8183 Erat Rd.','47448','(664) 699-6363'),
(6,1,'Janna','Duncan','ridiculus@hotmail.net','Coordinator','Ap #180-2779 Non, Road','90784','(738) 242-1543'),
(7,1,'Alma','Brody','arcu@yahoo.com','Coordinator','940-3937 Placerat, Road','71562','1-607-616-5216'),
(8,1,'Sean','Kasimir','rutrum.non@yahoo.net','Coordinator','216-3177 Vivamus St.','17377','1-136-561-2836'),
(9,1,'Emi','Nero','vivamus.sit@icloud.couk','Coordinator','Ap #895-5731 Penatibus Av.','93638','1-836-801-9832'),
(10,1,'Kermit','Hayden','bibendum.ullamcorper.duis@hotmail.ca','Coordinator','Ap #574-5673 Litora St.','71175','(563) 259-1607'),
(11,1,'Iona','Sydnee','donec.luctus.aliquet@google.ca','Coordinator','P.O. Box 807, 9530 Nibh. Street','60273','(765) 534-8034'),
(12,1,'Shellie','Roary','amet.luctus@outlook.ca','Coordinator','1975 Gravida St.','84479','(214) 513-1205'),
(13,1,'Ariana','Cadman','sagittis@outlook.com','Coordinator','Ap #671-1100 Sapien. Rd.','38057','1-963-817-4262'),
(14,1,'Ebony','Alfreda','vestibulum.nec@yahoo.edu','Coordinator','Ap #105-537 Ac Road','52728','(685) 937-5586'),
(15,1,'Axel','Jasmine','eget.ipsum@outlook.edu','Coordinator','P.O. Box 969, 4611 Dolor Rd.','35072','1-281-116-1612');

INSERT INTO "PLACES" (ID, VERSION, HOST_ID, PLACE_NAME, PLACE_ADDRESS, PLACE_CAPACITY, PLACE_INFO) VALUES
(1,1,2,'Justo Sit Ltd','Ap #418-9394 Accumsan Street',867,'This is test place'),
(2,1,12,'Nullam Velit Incorporated','435-619 Elit Rd.',390,'This is test place'),
(3,1,6,'Adipiscing Non Luctus Institute','983-4739 Sem Road',741,'This is test place'),
(4,1,14,'Nulla Eu Neque LLP','Ap #245-8211 Cras Rd.',955,'This is test place'),
(5,1,4,'Per Conubia Nostra PC','Ap #779-5985 Fusce Avenue',618,'This is test place'),
(6,1,5,'Nec Metus Associates','Ap #607-7879 Sapien Av.',321,'This is test place'),
(7,1,5,'Tempus Scelerisque Lorem LLC','234-4528 Nam Rd.',812,'This is test place'),
(8,1,1,'Sit Foundation','810-936 Scelerisque Rd.',500,'This is test place'),
(9,1,4,'Magna Et Consulting','623-5716 Amet, Street',74,'This is test place'),
(10,1,1,'Pharetra Ut Pharetra Limited','3646 Sed Rd.',177,'This is test place'),
(11,1,3,'Lectus Nullam Corp.','6564 Donec Av.',363,'This is test place'),
(12,1,2,'Imperdiet Ltd','P.O. Box 709, 8953 Mollis Street',245,'This is test place'),
(13,1,2,'Pharetra Nam Inc.','Ap #807-7714 Ipsum. Avenue',624,'This is test place'),
(14,1,5,'Magnis Dis LLP','6179 Arcu. Rd.',863,'This is test place'),
(15,1,13,'Neque Morbi Associates','Ap #703-8030 Cursus Rd.',444,'This is test place'),
(16,1,7,'Tellus Justo Inc.','177 Erat Rd.',890,'This is test place'),
(17,1,12,'Lorem Ut Associates','Ap #595-7674 Erat Road',343,'This is test place'),
(18,1,11,'Risus Morbi Institute','455 Fringilla Rd.',840,'This is test place'),
(19,1,13,'Tellus Nunc Consulting','808-1726 Tellus Road',750,'This is test place'),
(20,1,10,'Eu Dui Consulting','Ap #663-1066 Mattis. Av.',607,'This is test place'),
(21,1,9,'Ac Arcu Nunc Inc.','325 Dictum Rd.',256,'This is test place'),
(22,1,6,'Magnis Dis Parturient Consulting','Ap #869-3342 Est. St.',155,'This is test place'),
(23,1,10,'Faucibus Inc.','P.O. Box 726, 9105 Vel Av.',962,'This is test place'),
(24,1,8,'Sit Amet Consectetuer Industries','121-1152 Fusce Ave',650,'This is test place'),
(25,1,11,'Accumsan Interdum Libero Limited','P.O. Box 404, 8394 Magnis Ave',314,'This is test place'),
(26,1,15,'Nibh Inc.','916-5673 Sed St.',516,'This is test place'),
(27,1,8,'Lobortis Ultrices Vivamus Industries','Ap #719-4564 Convallis St.',924,'This is test place'),
(28,1,10,'Augue Malesuada Industries','P.O. Box 132, 909 Donec Rd.',377,'This is test place'),
(29,1,7,'Tempus Corporation','8401 Pellentesque Avenue',571,'This is test place'),
(30,1,3,'Eros Turpis Limited','P.O. Box 351, 8482 Justo Rd.',925,'This is test place');

INSERT INTO "EVENTS" (ID, VERSION, COORD_ID, EVENT_STATUS, PENDING_STATUS, EVENT_GENRES, EVENT_NAME, EVENT_TIME, DATE_START, DATE_END, EVENT_CAPACITY, EVENT_INFO, MAX_TICKETS, AVAILABLE_TICKETS, TICKET_PRICE, HOST_ID, PLACE_ID) VALUES
(1, 1, 1, 'TRUE', 'FALSE', 'Music', 'eventA', '16:00', '2023-12-30', '2023-12-30', '100', 'This is the info for event A', '100', '100', '5.00', 1, 2),
(2, 1, 5, 'TRUE', 'FALSE', 'Recreational', 'eventB', '13:00', '2023-11-30', '2023-11-30', '100', 'This is the info for event B', '200', '200', '5.00', 2, 13),
(3, 1, 7, 'TRUE', 'FALSE', 'Theatre', 'eventC', '14:00', '2023-12-20', '2023-12-20', '100', 'This is the info for event C', '150', '150', '5.00', 2, 12),
(4, 1, 2, 'TRUE', 'FALSE', 'Gaming', 'eventD', '15:00', '2023-11-28', '2023-11-28', '100', 'This is the info for event D', '230', '230', '5.00', 5, 7),
(5, 1, 8, 'TRUE', 'FALSE', 'Sports', 'eventE', '16:00', '2023-12-02', '2023-12-02', '100', 'This is the info for event E', '700', '700', '5.00', 7, 16),
(6, 1, 1, 'TRUE', 'FALSE', 'Music', 'eventF', '17:00', '2023-12-08', '2023-12-08', '100', 'This is the info for event F', '330', '330', '5.00', 3, 30),
(7, 1, 5, 'TRUE', 'FALSE', 'Recreational', 'eventG', '16:00', '2023-12-22', '2023-12-22', '100', 'This is the info for event G', '556', '556', '5.00', 5, 14),
(8, 1, 9, 'TRUE', 'FALSE', 'Recreational', 'eventH', '16:00', '2024-01-06', '2024-01-06', '100', 'This is the info for event H', '255', '255', '5.00', 8, 27),
(9, 1, 10, 'TRUE', 'FALSE', 'Theatre', 'eventI', '15:00', '2024-02-20', '2024-02-20', '100', 'This is the info for event I', '400', '400', '5.00', 10, 20),
(10, 1, 15, 'TRUE', 'FALSE', 'Sports', 'eventJ', '14:00', '2023-12-04', '2023-12-04', '100', 'This is the info for event J', '300', '300', '5.00', 11, 18),
(11, 1, 13, 'TRUE', 'FALSE', 'Gaming', 'eventK', '15:00', '2023-12-17', '2023-12-17', '100', 'This is the info for event K', '660', '660', '5.00', 6, 3),
(12, 1, 7, 'TRUE', 'FALSE', 'Theatre', 'eventL', '15:00', '2023-11-15', '2023-11-15', '100', 'This is the info for event L', '250', '250', '5.00', 9, 21),
(13, 1, 3, 'TRUE', 'FALSE', 'Music', 'eventM', '19:00', '2024-01-12', '2024-01-12', '100', 'This is the info for event M', '535', '535', '5.00', 10, 23),
(14, 1, 8, 'TRUE', 'FALSE', 'Music', 'eventN', '16:00', '2023-02-01', '2023-02-01', '100', 'This is the info for event N', '320', '320', '5.00', 12, 17),
(15, 1, 2, 'TRUE', 'FALSE', 'Gaming', 'eventO', '20:00', '2023-12-02', '2023-12-02', '100', 'This is the info for event O', '260', '260', '5.00', 13, 15);